Participant ID,Full Name,Email Address,Phone Number,College / Institution,Department / Branch,Year of Study,State,District,Payment Status,Transaction / UTR Reference,Registration Timestamp,T-Shirt Size,Laptop Required,GitHub Profile,Prior Hackathon Experience
VB26-00001,Arjun K. Nair,arjun.nair@vjec.ac.in,+91 98471 23456,"Vimal Jyothi Engineering College, Chemperi",Computer Science and Engineering,3rd Year,Kerala,Kannur,PAID,UPI/428910294101/SBI,2026-09-28 09:15:22,L,No,https://github.com/arjunnair-dev,Won 2nd in Smart India Hackathon internal
VB26-00002,Sneha Mariam Roy,snehamariam@vjec.ac.in,9847234567,"Vimal Jyothi Engineering College, Chemperi",Artificial Intelligence and Data Science,2nd Year,Kerala,Kannur,PAID,GPay/741029481239,2026-09-28 10:20:45,M,No,https://github.com/sneha-roy,Participant in Tantra 2025
VB26-00003,Muhammed Nihal,nihal.m@gcek.ac.in,9446123456,Government College of Engineering Kannur,Computer Science and Engineering,4th Year,Kerala,Kannur,PAID,UPI/981240182410,2026-09-28 11:45:10,XL,Yes,https://github.com/nihal-codes,State Level Web Dev finalist
VB26-00004,Ananya S. Pillai,ananyaspillai@gmail.com,9745123890,College of Engineering Thalassery,Information Technology,3rd Year,Kerala,Kannur,PENDING,,2026-09-29 08:30:12,S,No,https://github.com/ananyapillai,Beginner
VB26-00005,Devanand M.,devanand.m@vjec.ac.in,9188234567,"Vimal Jyothi Engineering College, Chemperi",Cyber Security,2nd Year,Kerala,Kannur,PAID,PhonePe/TXN98412849,2026-09-29 14:12:00,M,No,https://github.com/devanand-sec,CTF participant
VB26-00006,Riya Ann Varghese,riya.varghese@vjec.ac.in,9495123456,"Vimal Jyothi Engineering College, Chemperi",Computer Science and Engineering,3rd Year,Kerala,Wayanad,PAID,UPI/382910481928,2026-09-30 09:05:40,M,No,https://github.com/riya-varghese,Web design enthusiast
VB26-00007,Adithya Rajesh,adithyarajesh@sjcetpalai.ac.in,9846789012,"St. Joseph's College of Engineering and Technology, Palai",Computer Science and Engineering,4th Year,Kerala,Kottayam,PAID,UPI/849201948192,2026-09-30 15:40:19,L,No,https://github.com/adithyarajesh,Full Stack Developer
VB26-00008,Fathima Zahra,fathima.zahra@vjec.ac.in,9656123789,"Vimal Jyothi Engineering College, Chemperi",Computer Science and Engineering,1st Year,Kerala,Kozhikode,PENDING,,2026-10-01 10:11:32,S,Yes,,First Hackathon
VB26-00009,Kiran Thomas,kiran.thomas@lbscek.ac.in,9447890123,"LBS College of Engineering, Kasaragod",Electronics and Communication Engineering,3rd Year,Kerala,Kasaragod,PAID,Paytm/839102948192,2026-10-01 16:22:45,XL,No,https://github.com/kiran-thomas-ec,IoT and Hardware automation
VB26-00010,Meenakshi Sundaram,meenakshi.s@vjec.ac.in,9895123456,"Vimal Jyothi Engineering College, Chemperi",Artificial Intelligence and Data Science,2nd Year,Kerala,Kannur,PAID,UPI/192840192840,2026-10-02 11:05:00,M,No,https://github.com/meenakshi-ai,Data science competition
VB26-00011,Gokul Krishna,gokul.krishna@vjec.ac.in,9746123456,"Vimal Jyothi Engineering College, Chemperi",Computer Science and Engineering,3rd Year,Kerala,Kannur,PAID,UPI/948291048192,2026-10-02 13:14:28,L,No,https://github.com/gokul-krishna,React & Next.js builder
VB26-00012,Aparna Raj,aparna.raj@gcek.ac.in,9496123456,Government College of Engineering Kannur,Computer Science and Engineering,3rd Year,Kerala,Kannur,PENDING,,2026-10-03 09:45:10,M,No,https://github.com/aparnaraj-dev,UI/UX Designer & Frontend
VB26-00013,Joel Mathew,joel.mathew@vjec.ac.in,9188123890,"Vimal Jyothi Engineering College, Chemperi",Computer Science and Engineering,4th Year,Kerala,Kannur,PAID,UPI/582910481928,2026-10-03 14:50:33,XL,No,https://github.com/joelmathew-vjec,"Multiple hackathons, MERN stack"
VB26-00014,Sanjay P.,sanjay.p@cet.ac.in,9847987654,College of Engineering Trivandrum,Computer Science and Engineering,3rd Year,Kerala,Thiruvananthapuram,PAID,UPI/729104819283,2026-10-03 18:20:15,L,No,https://github.com/sanjay-p-dev,HackNITR finalist
VB26-00015,Rohit K. V.,rohit.kv@vjec.ac.in,9446987123,"Vimal Jyothi Engineering College, Chemperi",Cyber Security,2nd Year,Kerala,Kannur,PENDING,,2026-10-04 11:30:00,L,Yes,,Linux kernel & scripts